dataset,file,label,risk,overall,tier,codes,ms
find_it_again,X00016469619.png,0,0.255,0.255,LOW,DOC-FONT-02,112205
find_it_again,X00016469620.png,0,0.6624,0.6624,HIGH,DOC-FONT-02 DOC-MATH-01,10076
find_it_again,X00016469669.png,0,0.6256,0.6256,MEDIUM,DOC-FONT-02 DOC-MATH-01,5054
find_it_again,X00016469676.png,0,0.1314,0.1314,LOW,,5771
find_it_again,X51005230616.png,1,0.312,0.312,LOW,DOC-FONT-02,10755
find_it_again,X51005230657.png,0,0.1232,0.1232,LOW,,9113
find_it_again,X51005268275.png,0,0.7433,0.7433,HIGH,DOC-FONT-02 DOC-MATH-01,14983
find_it_again,X51005268408.png,0,0.3035,0.3035,LOW,DOC-FONT-02,8488
find_it_again,X51005288570.png,0,0.1315,0.1315,LOW,,7100
find_it_again,X51005337872.png,0,0.5868,0.5868,MEDIUM,DOC-MATH-01,9265
find_it_again,X51005337877.png,0,0.2711,0.2711,LOW,DOC-FONT-02,7556
find_it_again,X51005361883.png,0,0.7078,0.7078,HIGH,DOC-FONT-02 DOC-MATH-01,10769
find_it_again,X51005361898.png,0,0.7069,0.7069,HIGH,DOC-FONT-02 DOC-MATH-01,15458
find_it_again,X51005433514.png,0,0.269,0.269,LOW,DOC-FONT-02,7942
find_it_again,X51005433533.png,0,0.7996,0.7996,HIGH,DOC-FONT-02 DOC-MATH-01,15368
find_it_again,X51005433543.png,0,0.2668,0.2668,LOW,DOC-FONT-02,7931
find_it_again,X51005433552.png,0,0.7955,0.7955,HIGH,DOC-FONT-02 DOC-MATH-01,6748
find_it_again,X51005433556.png,1,0.4027,0.4027,MEDIUM,DOC-FONT-02,7916
find_it_again,X51005442361.png,1,0.7701,0.8784,HIGH,DOC-FONT-02 DOC-MATH-01 IMG-META-01,8491
find_it_again,X51005442366.png,0,0.7023,0.7023,HIGH,DOC-FONT-02 DOC-MATH-01,5829
find_it_again,X51005442382.png,0,0.2692,0.2692,LOW,DOC-FONT-02,7284
find_it_again,X51005442397.png,0,0.1235,0.1235,LOW,,8217
find_it_again,X51005447839.png,0,0.2722,0.2722,LOW,DOC-FONT-02,14191
find_it_again,X51005447842.png,0,0.706,0.706,HIGH,DOC-FONT-02 DOC-MATH-01,9503
find_it_again,X51005447848.png,0,0.2724,0.2724,LOW,DOC-FONT-02,12438
find_it_again,X51005447851.png,1,0.7041,0.7041,HIGH,DOC-FONT-02 DOC-MATH-01,10106
find_it_again,X51005447853.png,1,0.5553,0.7293,HIGH,DOC-MATH-01 IMG-META-01,8870
find_it_again,X51005447860.png,0,0.1237,0.1237,LOW,,9888
find_it_again,X51005453729.png,0,0.1238,0.1238,LOW,,8030
find_it_again,X51005568829.png,0,0.8143,0.8143,HIGH,DOC-FONT-02 DOC-MATH-01,15375
find_it_again,X51005568866.png,1,0.5853,0.7528,HIGH,DOC-MATH-01 IMG-META-01,13515
find_it_again,X51005568884.png,0,0.1246,0.1246,LOW,,8969
find_it_again,X51005568911.png,0,0.1243,0.1243,LOW,,11818
find_it_again,X51005568914.png,0,0.1234,0.1234,LOW,,7038
find_it_again,X51005577191.png,0,0.1248,0.1248,LOW,,9359
find_it_again,X51005577192.png,0,0.1244,0.1244,LOW,,10759
find_it_again,X51005587267.png,0,0.1245,0.1245,LOW,,20341
find_it_again,X51005605286.png,0,0.5867,0.5867,MEDIUM,DOC-MATH-01,9175
find_it_again,X51005605295.png,1,0.572,0.572,MEDIUM,DOC-MATH-01,11455
find_it_again,X51005621482.png,0,0.5896,0.5896,MEDIUM,DOC-MATH-01,17309
find_it_again,X51005663277.png,0,0.7452,0.7452,HIGH,DOC-FONT-02 DOC-MATH-01,12127
find_it_again,X51005675095.png,0,0.2681,0.2681,LOW,DOC-FONT-02,9721
find_it_again,X51005675099.png,0,0.1233,0.1233,LOW,,15676
find_it_again,X51005676534.png,0,0.592,0.592,MEDIUM,DOC-MATH-01,15401
find_it_again,X51005676537.png,0,0.5908,0.5908,MEDIUM,DOC-MATH-01,13883
find_it_again,X51005676541.png,1,0.2728,0.2728,LOW,DOC-FONT-02,12759
find_it_again,X51005676544.png,0,0.709,0.709,HIGH,DOC-FONT-02 DOC-MATH-01,12079
find_it_again,X51005676545.png,0,0.5892,0.5892,MEDIUM,DOC-MATH-01,11596
find_it_again,X51005676546.png,1,0.5914,0.5914,MEDIUM,DOC-MATH-01,11265
find_it_again,X51005677331.png,0,0.5888,0.5888,MEDIUM,DOC-MATH-01,13123
find_it_again,X51005677337.png,0,0.5883,0.5883,MEDIUM,DOC-MATH-01,10861
find_it_again,X510056849111.png,0,0.5229,0.5229,MEDIUM,DOC-MATH-01,5940
find_it_again,X51005685355.png,0,0.5832,0.5832,MEDIUM,DOC-MATH-01,9122
find_it_again,X51005705727.png,0,0.5805,0.5805,MEDIUM,DOC-MATH-01,13458
find_it_again,X51005705729.png,1,0.7431,0.8619,HIGH,DOC-FONT-02 DOC-MATH-01 IMG-META-01,12892
find_it_again,X51005711402.png,1,0.1241,0.1241,LOW,,9342
find_it_again,X51005711453.png,0,0.1237,0.1237,LOW,,9545
find_it_again,X51005712017.png,0,0.1233,0.1233,LOW,,7087
find_it_again,X51005719864.png,0,0.2701,0.2701,LOW,DOC-FONT-02,9827
find_it_again,X51005719905.png,0,0.5925,0.5925,MEDIUM,DOC-MATH-01,11781
find_it_again,X51005719912.png,0,0.5766,0.5766,MEDIUM,DOC-MATH-01,12448
find_it_again,X51005724554.png,0,0.59,0.59,MEDIUM,DOC-MATH-01,13942
find_it_again,X51005724627.png,0,0.5885,0.5885,MEDIUM,DOC-MATH-01,13587
find_it_again,X51005745190.png,0,0.3095,0.3095,LOW,DOC-FONT-02,14958
find_it_again,X51005745213.png,0,0.7058,0.7058,HIGH,DOC-FONT-02 DOC-MATH-01,12336
find_it_again,X51005745298.png,0,0.5722,0.5722,MEDIUM,DOC-MATH-01,8734
find_it_again,X51005746206.png,0,0.1246,0.1246,LOW,,10758
find_it_again,X51005749895.png,0,0.1246,0.1246,LOW,,12540
find_it_again,X51005757220.png,0,0.5884,0.5884,MEDIUM,DOC-MATH-01,10095
find_it_again,X51005757233.png,0,0.5448,0.5448,MEDIUM,DOC-MATH-01,9896
find_it_again,X51005757243.png,1,0.5834,0.5834,MEDIUM,DOC-MATH-01,11282
find_it_again,X51005757248.png,0,0.5767,0.5767,MEDIUM,DOC-MATH-01,11076
find_it_again,X51005757324.png,0,0.6999,0.6999,HIGH,DOC-FONT-02 DOC-MATH-01,10676
find_it_again,X51005757349.png,1,0.1232,0.1232,LOW,,6950
find_it_again,X51005764161.png,0,0.5481,0.5481,MEDIUM,DOC-MATH-01,5542
find_it_again,X51005806685.png,0,0.5889,0.5889,MEDIUM,DOC-MATH-01,8383
find_it_again,X51006008073.png,0,0.7095,0.7095,HIGH,DOC-FONT-02 DOC-MATH-01,9755
find_it_again,X51006008082.png,0,0.5876,0.5876,MEDIUM,DOC-MATH-01,12619
find_it_again,X51006008089.png,0,0.5831,0.5831,MEDIUM,DOC-MATH-01,16471
find_it_again,X51006008105.png,0,0.5868,0.5868,MEDIUM,DOC-MATH-01,15175
find_it_again,X51006008206.png,1,0.1233,0.1233,LOW,,8272
find_it_again,X51006327960.png,0,0.1264,0.1264,LOW,,10013
find_it_again,X51006328919.png,0,0.3124,0.3124,LOW,DOC-FONT-02,6311
find_it_again,X51006329183.png,1,0.1251,0.2358,LOW,IMG-META-01,13880
find_it_again,X51006329388.png,0,0.2699,0.2699,LOW,DOC-FONT-02,8213
find_it_again,X51006334741.png,0,0.5718,0.5718,MEDIUM,DOC-MATH-01,10691
find_it_again,X51006335552.png,0,0.5716,0.5716,MEDIUM,DOC-MATH-01,12717
find_it_again,X51006335818.png,0,0.5764,0.5764,MEDIUM,DOC-MATH-01,10844
find_it_again,X51006349086.png,0,0.5767,0.5767,MEDIUM,DOC-MATH-01,9277
find_it_again,X51006350737.png,0,0.1231,0.1231,LOW,,6273
find_it_again,X51006387737.png,0,0.1239,0.1239,LOW,,7815
find_it_again,X51006387932.png,0,0.3081,0.3081,LOW,DOC-FONT-02,7415
find_it_again,X51006388044.png,1,0.1243,0.2345,LOW,IMG-META-01,6069
find_it_again,X51006388065.png,0,0.5383,0.5383,MEDIUM,DOC-MATH-01,4420
find_it_again,X51006388069.png,0,0.6835,0.6835,HIGH,DOC-FONT-02 DOC-MATH-01,11491
find_it_again,X51006389963.png,0,0.637,0.637,MEDIUM,DOC-MATH-01,14133
find_it_again,X51006392122.png,0,0.1253,0.1253,LOW,,7175
find_it_again,X51006401723.png,0,0.5923,0.5923,MEDIUM,DOC-MATH-01,9663
find_it_again,X51006401977.png,1,0.7422,0.7422,HIGH,DOC-FONT-02 DOC-MATH-01,8005
find_it_again,X51006414512.png,0,0.1226,0.1226,LOW,,15456
find_it_again,X51006414519.png,0,0.1238,0.1238,LOW,,16499
find_it_again,X51006414532.png,0,0.6362,0.6362,MEDIUM,DOC-MATH-01,17973
find_it_again,X51006414533.png,0,0.1228,0.1228,LOW,,15304
find_it_again,X51006414599.png,0,0.1228,0.1228,LOW,,17679
find_it_again,X51006414638.png,0,0.7508,0.7508,HIGH,DOC-FONT-02 DOC-MATH-01,17589
find_it_again,X51006414671.png,0,0.1227,0.1227,LOW,,17379
find_it_again,X51006414680.png,0,0.59,0.59,MEDIUM,DOC-MATH-01,15544
find_it_again,X51006414712.png,0,0.1236,0.1236,LOW,,22033
find_it_again,X51006414715.png,1,0.6343,0.7892,HIGH,DOC-MATH-01 IMG-META-01,17671
find_it_again,X51006414720.png,0,0.5897,0.5897,MEDIUM,DOC-MATH-01,17548
find_it_again,X51006438346.png,0,0.1232,0.1232,LOW,,9390
find_it_again,X51006466062.png,0,0.1308,0.1308,LOW,,6958
find_it_again,X51006502531.png,0,0.513,0.513,MEDIUM,DOC-MATH-01,6997
find_it_again,X51006502540.png,0,0.585,0.585,MEDIUM,DOC-MATH-01,7356
find_it_again,X51006555570.png,0,0.2708,0.2708,LOW,DOC-FONT-02,12465
find_it_again,X51006555784.png,0,0.1245,0.1245,LOW,,12257
find_it_again,X51006555818.png,0,0.1247,0.1247,LOW,,13000
find_it_again,X51006556591.png,0,0.1238,0.1238,LOW,,12330
find_it_again,X51006556603.png,1,0.1243,0.1243,LOW,,11756
find_it_again,X51006556604.png,0,0.2701,0.2701,LOW,DOC-FONT-02,12716
find_it_again,X51006556610.png,0,0.5876,0.5876,MEDIUM,DOC-MATH-01,10564
find_it_again,X51006556648.png,0,0.1245,0.1245,LOW,,14824
find_it_again,X51006556650.png,0,0.1235,0.1235,LOW,,10287
find_it_again,X51006556726.png,1,0.1238,0.1238,LOW,,13102
find_it_again,X51006556806.png,0,0.124,0.124,LOW,,12183
find_it_again,X51006556808.png,0,0.1237,0.1237,LOW,,15739
find_it_again,X51006556810.png,0,0.124,0.124,LOW,,13053
find_it_again,X51006556812.png,0,0.1243,0.1243,LOW,,12664
find_it_again,X51006556827.png,0,0.1239,0.1239,LOW,,12849
find_it_again,X51006556828.png,0,0.1242,0.1242,LOW,,13673
find_it_again,X51006556829.png,0,0.1237,0.1237,LOW,,12734
find_it_again,X51006556830.png,0,0.5875,0.5875,MEDIUM,DOC-MATH-01,9520
find_it_again,X51006556838.png,0,0.1243,0.1243,LOW,,14178
find_it_again,X51006556840.png,0,0.124,0.124,LOW,,11134
find_it_again,X51006556841.png,0,0.1243,0.1243,LOW,,11197
find_it_again,X51006556865.png,1,0.1248,0.1248,LOW,,13510
find_it_again,X51006557117.png,1,0.1238,0.2336,LOW,IMG-META-01,13374
find_it_again,X51006557184.png,0,0.1238,0.1238,LOW,,10631
find_it_again,X51006557188.png,0,0.2711,0.2711,LOW,DOC-FONT-02,13484
find_it_again,X51006557195.png,1,0.1234,0.1234,LOW,,14359
find_it_again,X51006557507.png,0,0.2699,0.2699,LOW,DOC-FONT-02,12537
find_it_again,X51006557508.png,0,0.1237,0.1237,LOW,,14000
find_it_again,X51006619342.png,0,0.1255,0.1255,LOW,,9031
find_it_again,X51006619345.png,0,0.1244,0.1244,LOW,,9552
find_it_again,X51006619507.png,0,0.1237,0.1237,LOW,,11432
find_it_again,X51006619561.png,0,0.1244,0.1244,LOW,,14419
find_it_again,X51006619764.png,0,0.575,0.575,MEDIUM,DOC-MATH-01,12406
find_it_again,X51006619780.png,0,0.7378,0.7378,HIGH,DOC-FONT-02 DOC-MATH-01,7900
find_it_again,X51006619784.png,0,0.1286,0.1286,LOW,,11150
find_it_again,X51006619863.png,0,0.5664,0.5664,MEDIUM,DOC-MATH-01,6514
find_it_again,X51006619869.png,0,0.1249,0.1249,LOW,,12112
find_it_again,X51006620182.png,1,0.8049,0.8049,HIGH,DOC-FONT-02 DOC-MATH-01,13524
find_it_again,X51006620189.png,0,0.5701,0.5701,MEDIUM,DOC-MATH-01,10765
find_it_again,X51006620190.png,0,0.5738,0.5738,MEDIUM,DOC-MATH-01,8541
find_it_again,X51006620191.png,0,0.124,0.124,LOW,,9375
find_it_again,X51006647933.png,0,0.6199,0.6199,MEDIUM,DOC-FONT-02 DOC-MATH-01,4928
find_it_again,X51006713996.png,0,0.5858,0.5858,MEDIUM,DOC-MATH-01,9757
find_it_again,X51006714065.png,0,0.1232,0.1232,LOW,,6664
find_it_again,X51006828200.png,0,0.2689,0.2689,LOW,DOC-FONT-02,7656
find_it_again,X51006857126.png,0,0.1238,0.1238,LOW,,10251
find_it_again,X51006913019.png,0,0.705,0.705,HIGH,DOC-FONT-02 DOC-MATH-01,20638
find_it_again,X51006913023.png,1,0.123,0.123,LOW,,15884
find_it_again,X51006913031.png,0,0.123,0.123,LOW,,15067
find_it_again,X51006913061.png,0,0.1231,0.1231,LOW,,17311
find_it_again,X51006913074.png,0,0.6809,0.6809,HIGH,DOC-FONT-02 DOC-MATH-01,20178
find_it_again,X51007103597.png,0,0.272,0.272,LOW,DOC-FONT-02,7084
find_it_again,X51007103639.png,1,0.5758,0.5758,MEDIUM,DOC-MATH-01,8687
find_it_again,X51007103688.png,1,0.5754,0.7452,HIGH,DOC-MATH-01 IMG-META-01,8896
find_it_again,X51007103702.png,0,0.7305,0.7305,HIGH,DOC-FONT-02 DOC-MATH-01,10499
find_it_again,X51007231361.png,1,0.3143,0.3143,LOW,DOC-FONT-02,20623
find_it_again,X51007231364.png,0,0.5915,0.5915,MEDIUM,DOC-MATH-01,15937
find_it_again,X51007231370.png,0,0.7445,0.7445,HIGH,DOC-FONT-02 DOC-MATH-01,13915
find_it_again,X51007339098.png,0,0.5918,0.5918,MEDIUM,DOC-MATH-01,11895
find_it_again,X51007339107.png,1,0.5918,0.5918,MEDIUM,DOC-MATH-01,10733
find_it_again,X51007339116.png,0,0.5891,0.5891,MEDIUM,DOC-MATH-01,10201
find_it_again,X51007339118.png,0,0.1228,0.1228,LOW,,10895
find_it_again,X51007339125.png,0,0.5869,0.5869,MEDIUM,DOC-MATH-01,10861
find_it_again,X51007339127.png,0,0.5931,0.5931,MEDIUM,DOC-MATH-01,10053
find_it_again,X51007339132.png,0,0.5895,0.5895,MEDIUM,DOC-MATH-01,8543
find_it_again,X51007339161.png,0,0.5902,0.5902,MEDIUM,DOC-MATH-01,9539
find_it_again,X51007339165.png,0,0.5887,0.5887,MEDIUM,DOC-MATH-01,9367
find_it_again,X51007339638.png,0,0.549,0.549,MEDIUM,DOC-MATH-01,9964
find_it_again,X51007339639.png,0,0.5451,0.5451,MEDIUM,DOC-MATH-01,8963
find_it_again,X51007339642.png,0,0.1276,0.1276,LOW,,9975
find_it_again,X51007339648.png,0,0.6854,0.6854,HIGH,DOC-FONT-02 DOC-MATH-01,8744
find_it_again,X51007339653.png,0,0.5647,0.5647,MEDIUM,DOC-MATH-01,6355
find_it_again,X51007579714.png,1,0.7409,0.7409,HIGH,DOC-FONT-02 DOC-MATH-01,7978
find_it_again,X51007843145.png,0,0.7123,0.7123,HIGH,DOC-FONT-02 DOC-MATH-01,14672
find_it_again,X51007846270.png,0,0.7861,0.7861,HIGH,DOC-FONT-02 DOC-MATH-01,19377
find_it_again,X51007846282.png,0,0.5903,0.5903,MEDIUM,DOC-MATH-01,17369
find_it_again,X51007846326.png,0,0.8409,0.8409,HIGH,DOC-FONT-02 DOC-MATH-01,18372
find_it_again,X51007846357.png,1,0.125,0.125,LOW,,13514
find_it_again,X51007846366.png,0,0.5909,0.5909,MEDIUM,DOC-MATH-01,15975
find_it_again,X51007846371.png,0,0.123,0.123,LOW,,18098
find_it_again,X51007846393.png,0,0.7088,0.7088,HIGH,DOC-FONT-02 DOC-MATH-01,17968
find_it_again,X51007846398.png,0,0.1229,0.1229,LOW,,16429
find_it_again,X51007846403.png,0,0.7067,0.7067,HIGH,DOC-FONT-02 DOC-MATH-01,14817
find_it_again,X51007846410.png,0,0.5932,0.5932,MEDIUM,DOC-MATH-01,17370
find_it_again,X51008042791.png,0,0.124,0.124,LOW,,6984
find_it_again,X51008099043.png,0,0.5762,0.5762,MEDIUM,DOC-MATH-01,7005
find_it_again,X51008099046.png,0,0.5736,0.5736,MEDIUM,DOC-MATH-01,8545
find_it_again,X51008099073.png,0,0.5889,0.5889,MEDIUM,DOC-MATH-01,10770
find_it_again,X51008099081.png,1,0.5724,0.5724,MEDIUM,DOC-MATH-01,8954
find_it_again,X51008099088.png,0,0.1244,0.1244,LOW,,8554
find_it_again,X51008114216.png,0,0.1247,0.1247,LOW,,12336
find_it_again,X51008114217.png,0,0.1239,0.1239,LOW,,11311
find_it_again,X51008114266.png,0,0.5742,0.5742,MEDIUM,DOC-MATH-01,6667
find_it_again,X51008123447.png,1,0.1248,0.1248,LOW,,8460
find_it_again,X51008123450.png,0,0.1246,0.1246,LOW,,8812
find_it_again,X51008123451.png,1,0.5875,0.7545,HIGH,DOC-MATH-01 IMG-META-01,6802
find_it_again,X51008142005.png,0,0.1236,0.1236,LOW,,10803
find_it_again,X51008142038.png,1,0.5749,0.5749,MEDIUM,DOC-MATH-01,9189
find_it_again,X51008142058.png,0,0.5886,0.5886,MEDIUM,DOC-MATH-01,14068
find_it_again,X51008142059.png,0,0.1231,0.1231,LOW,,9543
find_it_again,X51008145504.png,0,0.1234,0.1234,LOW,,9396
find_it_again,X51008145505.png,0,0.5901,0.5901,MEDIUM,DOC-MATH-01,7947
find_it_again,X51008164991.png,0,0.1241,0.1241,LOW,,8908
find_it_again,X51009008091.png,0,0.5858,0.5858,MEDIUM,DOC-MATH-01,10981
