dataset,id_person,selfie_person,label,similarity
selfies_id,Weslley,Weslley,1,0.6268
selfies_id,Weslley,Weslley,1,0.6107
selfies_id,Weslley,Weslley,1,0.6243
selfies_id,Weslley,Weslley,1,0.6748
selfies_id,Weslley,Weslley,1,0.6934
selfies_id,Weslley,Weslley,1,0.6171
selfies_id,Weslley,Weslley,1,0.5432
selfies_id,Weslley,Weslley,1,0.574
selfies_id,Weslley,Weslley,1,0.681
selfies_id,Weslley,Weslley,1,0.6023
selfies_id,Weslley,Weslley,1,0.698
selfies_id,Weslley,Weslley,1,0.6793
selfies_id,Weslley,Weslley,1,0.5927
selfies_id,Weslley,Juliana,0,0.2269
selfies_id,Weslley,Juliana,0,0.2583
selfies_id,Weslley,Juliana,0,0.2842
selfies_id,Weslley,Juliana,0,0.2283
selfies_id,Weslley,Juliana,0,0.244
selfies_id,Weslley,Juliana,0,0.1973
selfies_id,Weslley,Juliana,0,0.2505
selfies_id,Weslley,Juliana,0,0.2354
selfies_id,Weslley,Juliana,0,0.2519
selfies_id,Weslley,Juliana,0,0.2176
selfies_id,Weslley,Juliana,0,0.2011
selfies_id,Weslley,Juliana,0,0.1734
selfies_id,Weslley,Juliana,0,0.2166
selfies_id,Juliana,Weslley,0,0.2206
selfies_id,Juliana,Weslley,0,0.2953
selfies_id,Juliana,Weslley,0,0.1457
selfies_id,Juliana,Weslley,0,0.2608
selfies_id,Juliana,Weslley,0,0.2628
selfies_id,Juliana,Weslley,0,0.1662
selfies_id,Juliana,Weslley,0,0.165
selfies_id,Juliana,Weslley,0,0.3103
selfies_id,Juliana,Weslley,0,0.2343
selfies_id,Juliana,Weslley,0,0.2922
selfies_id,Juliana,Weslley,0,0.233
selfies_id,Juliana,Weslley,0,0.2208
selfies_id,Juliana,Weslley,0,0.241
selfies_id,Juliana,Weslley,0,0.1075
selfies_id,Juliana,Weslley,0,0.1325
selfies_id,Juliana,Weslley,0,0.0973
selfies_id,Juliana,Weslley,0,0.1326
selfies_id,Juliana,Weslley,0,0.1662
selfies_id,Juliana,Weslley,0,0.1405
selfies_id,Juliana,Weslley,0,0.0698
selfies_id,Juliana,Weslley,0,0.1228
selfies_id,Juliana,Weslley,0,0.1067
selfies_id,Juliana,Weslley,0,0.1271
selfies_id,Juliana,Weslley,0,0.1401
selfies_id,Juliana,Weslley,0,0.1587
selfies_id,Juliana,Weslley,0,0.1647
selfies_id,Juliana,Juliana,1,0.5264
selfies_id,Juliana,Juliana,1,0.556
selfies_id,Juliana,Juliana,1,0.508
selfies_id,Juliana,Juliana,1,0.476
selfies_id,Juliana,Juliana,1,0.4996
selfies_id,Juliana,Juliana,1,0.4292
selfies_id,Juliana,Juliana,1,0.5122
selfies_id,Juliana,Juliana,1,0.4966
selfies_id,Juliana,Juliana,1,0.5118
selfies_id,Juliana,Juliana,1,0.4645
selfies_id,Juliana,Juliana,1,0.2472
selfies_id,Juliana,Juliana,1,0.4723
selfies_id,Juliana,Juliana,1,0.5614
selfies_id,Juliana,Juliana,1,0.3039
selfies_id,Juliana,Juliana,1,0.3787
selfies_id,Juliana,Juliana,1,0.3143
selfies_id,Juliana,Juliana,1,0.3061
selfies_id,Juliana,Juliana,1,0.4084
selfies_id,Juliana,Juliana,1,0.3491
selfies_id,Juliana,Juliana,1,0.3371
selfies_id,Juliana,Juliana,1,0.3795
selfies_id,Juliana,Juliana,1,0.3713
selfies_id,Juliana,Juliana,1,0.3585
selfies_id,Juliana,Juliana,1,0.2786
selfies_id,Juliana,Juliana,1,0.3845
selfies_id,Juliana,Juliana,1,0.2837
